year,NAME,total,total_moe,pct_no_vehicle,pct_no_vehicle_moe,pct_one_vehicle,pct_one_vehicle_moe,pct_two_or_more,pct_two_or_more_moe
2017,Lafayette,11732.0,533.0,,,0.1232526423457211,0.022146580057209004,0.8526252983293556,0.04824681786491354
2022,Lafayette,11694.0,569.0,,,0.1275867966478536,0.031373908307327475,0.8641183512912605,0.08389965511515517
2017,El Cerrito,12253.0,449.0,0.020811229902880927,0.00755156895911021,0.3074349138986371,0.027046496004800795,0.671753856198482,0.03422081429311359
2022,El Cerrito,13332.0,514.0,0.039003900390039,0.013643754597019104,0.2632013201320132,0.02911014329479868,0.6977947794779478,0.04535171650974965
2017,Pittsburg/Bay Point,40547.0,1230.0914600142544,0.020198781660788714,0.006116292111763982,0.14625003082842133,0.014124271383968427,0.8335511875107899,0.03398435032862242
2022,Pittsburg/Bay Point,46627.0,1405.0725959892607,0.020052759130975616,0.006193305067140215,0.1396186758744933,0.026305825043403255,0.840328564994531,0.037195073329416455
2017,Richmond,51850.0,1199.887494726068,0.04264223722275796,0.010668711946544084,0.22698167791706847,0.01589773103807317,0.7303760848601736,0.02797597073654003
2022,Richmond,57520.0,1491.450971369827,0.027659944367176635,0.009715515083084757,0.22646036161335187,0.02105780906600607,0.7458796940194715,0.035704191361015256
